method,avg_runtime_ms,avg_abs_error,avg_rel_error,avg_standard_error,best_abs_error,worst_abs_error
"Exact",0.111021,0.000000,0.000000,,0.000000,0.000000
"Binomial",17.438403,0.003377,0.000364,,0.000281,0.005539
"MC",156.083264,0.005907,0.000602,0.002146,0.000473,0.019005
"FDM",1119.516715,0.015487,0.001667,,0.001407,0.027575
